{
  "index.html": 1620895452545,
  "ext/controller/ListReportExt.controller.js": 1620977201634,
  "ext/controller/ObjectPageExt.controller.js": 1620977197022,
  "manifest.json": 1620989767250,
  "Component.js": 1620895452545,
  "manifest-bundle.zip": 1620989767264,
  "Component-preload.js": 1620989767539,
  "Component-dbg.js": 1620895452545,
  "ext/controller/ListReportExt-dbg.controller.js": 1620977201634,
  "ext/controller/ObjectPageExt-dbg.controller.js": 1620977197022,
  "ext/fragment/CustomSection.fragment.xml": 1620983205376,
  "i18n/i18n.properties": 1620895452545
}